/*
cd /home/joan/projectes/EnglishResources
mysql -u alumne -pkeiL2lai englishresources -f < ./englishresources.sql > ./control_errors.log 2>&1
cat control_errors.log
*/

# CREATE DATABASE englishresources CHARACTER SET utf8 COLLATE utf8_general_ci;
# GRANT ALL ON englishresources.* TO alumne@localhost;
# flush privileges
# use englishresources

# LEVEL (id_level, level)
# RESOURCE (id_resource, resource, url, description, comments, id_level, active)
# VIDEO (id_video, id_resource, has_script, has_grammar, has_quiz, has_vocabulary)
# LISTENNING (id_listenning, id_resource, has_script, has_grammar, has_quiz, has_vocabulary)

DROP TABLE IF EXISTS LISTENNING;
DROP TABLE IF EXISTS VIDEO;
DROP TABLE IF EXISTS RESOURCE;
DROP TABLE IF EXISTS LEVEL;

CREATE TABLE LEVEL (
id_level smallint PRIMARY KEY,
level VARCHAR(50) NOT NULL
);

CREATE TABLE RESOURCE (
id_resource smallint PRIMARY KEY,
resource VARCHAR(255) NOT NULL,
url VARCHAR(255) NOT NULL,
description VARCHAR(255) NOT NULL,
comments VARCHAR(255) NULL,
id_level smallint NOT NULL,
active BOOLEAN NOT NULL,
FOREIGN KEY (id_level) REFERENCES LEVEL(id_level)
);

CREATE TABLE VIDEO (
id_video smallint PRIMARY KEY,
id_resource smallint NOT NULL,
has_script BOOLEAN NOT NULL,
has_grammar BOOLEAN NOT NULL,
has_quiz BOOLEAN NOT NULL,
has_vocabulary BOOLEAN NOT NULL,
FOREIGN KEY (id_resource) REFERENCES RESOURCE(id_resource)
);

CREATE TABLE LISTENNING (
id_listenning smallint PRIMARY KEY,
id_resource smallint NOT NULL,
has_script BOOLEAN NOT NULL,
has_grammar BOOLEAN NOT NULL,
has_quiz BOOLEAN NOT NULL,
has_vocabulary BOOLEAN NOT NULL,
FOREIGN KEY (id_resource) REFERENCES RESOURCE(id_resource)
);

INSERT INTO LEVEL VALUES (1,'Low Beginner');
INSERT INTO LEVEL VALUES (2,'Mid Beginner');
INSERT INTO LEVEL VALUES (3,'High Beginner');
INSERT INTO LEVEL VALUES (4,'Low Intermediate');
INSERT INTO LEVEL VALUES (5,'Mid Intermediate');
INSERT INTO LEVEL VALUES (6,'high Intermediate');
INSERT INTO LEVEL VALUES (7,'Advanced');

INSERT INTO RESOURCE(id_resource, resource, url, description, comments, id_level, active) VALUES(1,'1.01 Be-Verb. Meet the teachers','https://elllo.org/english/grammar/L1-01-AimeeTodd-Intros-BeVerb.htm','Two teachers make introductions and discuss famiy.',NULL,1,true);
INSERT INTO RESOURCE(id_resource, resource, url, description, comments, id_level, active) VALUES(2,'1.02 Likes and Dislikes. Likes and Favorites','https://elllo.org/english/grammar/L1-02-NatTodd-Farorites.htm','Two people talks about thiings they like and dislike.',NULL,1,true);
INSERT INTO RESOURCE(id_resource, resource, url, description, comments, id_level, active) VALUES(3,'1.03 Basic Verbs. My Weekend','https://elllo.org/english/grammar/L1-03-ShantelTodd-Weekend-BasicVerbs.htm','Two people discuss their weekend routines.',NULL,1,true);
INSERT INTO RESOURCE(id_resource, resource, url, description, comments, id_level, active) VALUES(4,'1.04 Colors','https://elllo.org/english/grammar/L1-04-MegTodd-Colors.htm','Two people discuss colors and things with these colors.',NULL,1,true);
INSERT INTO RESOURCE(id_resource, resource, url, description, comments, id_level, active) VALUES(5,'1.05 Adjectives. My Hometown','https://elllo.org/english/grammar/L1-05-MegTodd-Cities-Adjective.htm','Two people discuss their hometowns.',NULL,1,true);
INSERT INTO RESOURCE(id_resource, resource, url, description, comments, id_level, active) VALUES(6,'1.06 Days of the Week','https://elllo.org/english/grammar/L1-06-MegTodd-Days-of-Week-Busy.htm','Two people talk about what they do during the week.',NULL,1,true);
INSERT INTO RESOURCE(id_resource, resource, url, description, comments, id_level, active) VALUES(7,'1.07 Languages. What languages do you speak?','https://elllo.org/english/grammar/L1-07-AbidemiTodd-Languages.htm','Two people discuss languages they speak or want to learn.',NULL,1,true);
INSERT INTO RESOURCE(id_resource, resource, url, description, comments, id_level, active) VALUES(8,'1.08 Sentece Patterns. What is a typical day for you?.','https://elllo.org/english/grammar/L1-08-NatTodd-Sentence-Patterns-Schedule.htm','Two people discuss their daily routines',NULL,1,true);
INSERT INTO RESOURCE(id_resource, resource, url, description, comments, id_level, active) VALUES(9,'1.09 Subject Pronouns','https://elllo.org/english/grammar/L1-09-ShantelTodd-Celebrities-SubjectPronoun.htm','Two people try to guess some famous people.',NULL,1,true);
INSERT INTO RESOURCE(id_resource, resource, url, description, comments, id_level, active) VALUES(10,'1.10 Object Pronouns','https://elllo.org/english/grammar/L1-10-ShantelTodd-Family-ObjectPronouns.htm','Two people discuss how often they meet their family.',NULL,1,true);
INSERT INTO RESOURCE(id_resource, resource, url, description, comments, id_level, active) VALUES(11,'1.11 This, That, Those, These. I like that and those!','https://elllo.org/english/grammar/L1-11-NatTodd-This-That-3.htm','Two people talk about some clothes and their watches.',NULL,1,true);
INSERT INTO RESOURCE(id_resource, resource, url, description, comments, id_level, active) VALUES(12,'1.12 Adverbs of Intensity. Japan vs. Thailand','https://elllo.org/english/grammar/L1-12-NatTodd-Adjectives.htm','Todd and Natalie talk about living in Japan and Thailand.',NULL,1,true);
INSERT INTO RESOURCE(id_resource, resource, url, description, comments, id_level, active) VALUES(13,'1.13 Months and Holidays','https://elllo.org/english/grammar/L1-13-MegTodd-Holidays.htm','Meg and Todd talk about American holidays.',NULL,1,true);
INSERT INTO RESOURCE(id_resource, resource, url, description, comments, id_level, active) VALUES(14,'1.14 Ordinals. Class Schedule','https://elllo.org/english/grammar/L1-14Todd-Nat-Ordinals.htm','Two teachers talk about their school schedule.',NULL,1,true);
INSERT INTO RESOURCE(id_resource, resource, url, description, comments, id_level, active) VALUES(15,'1.15 Telling Time','http://soundgrammar.com/learn/L1-CEFR-A1/L1-15-telling-time.htm','Four talks about time.',NULL,1,true);
INSERT INTO RESOURCE(id_resource, resource, url, description, comments, id_level, active) VALUES(16,'2.01 Be - Present Simple. Favorites','https://elllo.org/english/grammar/L2-01-AimeeTodd-Intros-BeVerb.htm','Aimee and Todd talk about their favorite things.',NULL,2,true);
INSERT INTO RESOURCE(id_resource, resource, url, description, comments, id_level, active) VALUES(17,'2.02 Present Simple. Morning Routine','https://elllo.org/english/grammar/L2-02-JohnSarah-PresentSimple-Routine.htm','John and Sarah discuss what they do in the morning.',NULL,2,true);
INSERT INTO RESOURCE(id_resource, resource, url, description, comments, id_level, active) VALUES(18,'2.03 Imperatives. Sandwich!','https://elllo.org/english/grammar/L2-03-MegTodd-Sandwich.htm','Meg and Todd share how to make their favorite sandwiches.',NULL,2,true);
INSERT INTO RESOURCE(id_resource, resource, url, description, comments, id_level, active) VALUES(19,'2.04 Singular / Plural Nouns. House and Things','https://elllo.org/english/grammar/L2-04-AimeeTodd-House-HowMuch-many.htm','Aimee and Todd talk about all the stuff they have in their homes.',NULL,2,true);
INSERT INTO RESOURCE(id_resource, resource, url, description, comments, id_level, active) VALUES(20,'2.05 Adverbs of Frequency. Eating Habits','https://elllo.org/english/grammar/L2-05-DanielHana-Cooking-Adverbs-Frequency.htm','Daniel and Hana discuss their eating and cooking habits.',NULL,2,true);
INSERT INTO RESOURCE(id_resource, resource, url, description, comments, id_level, active) VALUES(21,'2.06 Can - Abilities. My Abilities','https://elllo.org/english/grammar/L2-06-Abidemi-Ability.htm','Abidemi talks about things she can and cannot do.',NULL,2,true);
INSERT INTO RESOURCE(id_resource, resource, url, description, comments, id_level, active) VALUES(22,'2.07 Be - Was / Were. Life History','https://elllo.org/english/grammar/L2-07-Meg-Was-Were.htm','Meg and Todd talk about times in their lives.',NULL,2,true);
INSERT INTO RESOURCE(id_resource, resource, url, description, comments, id_level, active) VALUES(23,'2.08 Transitive Verbs. Fruity Fans','https://elllo.org/english/grammar/L2-08-Transitive-Verbs.htm','Meg talks about eating right and the foods she loves to eat.',NULL,2,true);
INSERT INTO RESOURCE(id_resource, resource, url, description, comments, id_level, active) VALUES(24,'2.09 Stative Verbs. What looks good? What tastes goods?','https://elllo.org/english/grammar/L2-09-Stative-Verbs.htm','Two people talk about things they like using stative verbs.',NULL,2,true);
INSERT INTO RESOURCE(id_resource, resource, url, description, comments, id_level, active) VALUES(25,'2.10 There is / There are. My Hometown','https://elllo.org/english/grammar/L2-10-SarahJohn-Towns-There-is-are.htm','Sarah and John talk about their hometowns in America.',NULL,2,true);
INSERT INTO RESOURCE(id_resource, resource, url, description, comments, id_level, active) VALUES(26,'2.11 Past Tense. Weekend Talk','https://elllo.org/english/grammar/L2-11-KatieTodd-Weekend-PastTense.htm','Katie talks about what she did over the weekend.',NULL,2,true);
INSERT INTO RESOURCE(id_resource, resource, url, description, comments, id_level, active) VALUES(27,'2.12 3rd Person Singular. Family Habits','https://elllo.org/english/grammar/L2-12-KatieTodd-Habits-Family.htm','Katies talks about her family and what they often do.',NULL,2,true);
INSERT INTO RESOURCE(id_resource, resource, url, description, comments, id_level, active) VALUES(28,'2.13 Any / Some / Enough. Making Breakfast','https://elllo.org/english/grammar/L2-13-KatieTodd-Breakfast-Any-Some.htm','Katie and Todd discuss what they need to make breakfast.',NULL,2,true);
INSERT INTO RESOURCE(id_resource, resource, url, description, comments, id_level, active) VALUES(29,'2.14 Can - Requests','http://soundgrammar.com/learn/L2-CEFR-A1/L2-14-Can-Requests.htm','Katie asks Todd about staying at his house.',NULL,2,true);
INSERT INTO RESOURCE(id_resource, resource, url, description, comments, id_level, active) VALUES(30,'2.15 Would Like - Ordering','http://soundgrammar.com/learn/L2-CEFR-A1/L2-15-Adverbs-Frequency.htm','Akane orders dinner at a restaurant.',NULL,2,true);
INSERT INTO RESOURCE(id_resource, resource, url, description, comments, id_level, active) VALUES(31,'3.01 Present Simple. Saving Money','https://elllo.org/english/grammar/L3-01-present-simple.htm','Two people talk about their spending habits.',NULL,3,true);
INSERT INTO RESOURCE(id_resource, resource, url, description, comments, id_level, active) VALUES(32,'3.02 3rd Person Singular. Fit Girlfriend','https://elllo.org/english/grammar/L3-02-third-person-singular.htm','Listen about a man talk about how his girlfriend is very fit.',NULL,3,true);
INSERT INTO RESOURCE(id_resource, resource, url, description, comments, id_level, active) VALUES(33,'3.03 Present Continuous. Where is everyone?','https://elllo.org/english/grammar/L3-03-present-continuous.htm','Two people discuss what their family is doing at the moment.',NULL,3,true);
INSERT INTO RESOURCE(id_resource, resource, url, description, comments, id_level, active) VALUES(34,'3.04 Will - Future Tense. Holiday Plans','https://elllo.org/english/grammar/L3-04-Future-Will.htm','Sarah and Todd share plans for the holiday break.',NULL,3,true);
INSERT INTO RESOURCE(id_resource, resource, url, description, comments, id_level, active) VALUES(35,'3.05 Going to. Plans for the Weekend','https://elllo.org/english/grammar/L3-05-GoingTo-Spain.htm','Two people talk about their plans for the weekend.',NULL,3,true);
INSERT INTO RESOURCE(id_resource, resource, url, description, comments, id_level, active) VALUES(36,'3.06 Simple Past Tense','http://soundgrammar.com/learn/L3-CEFR-A2/L3-06-PastTense.htm','Katie talks about what she did on her day off. This lesson looks at the past tense.',NULL,3,true);
INSERT INTO RESOURCE(id_resource, resource, url, description, comments, id_level, active) VALUES(37,'3.07 Past Tense - Irregular. Winter Vacation','https://elllo.org/english/grammar/L3-07-Past-Tense-.htm','Listen to two people talk about their vacation.',NULL,3,true);
INSERT INTO RESOURCE(id_resource, resource, url, description, comments, id_level, active) VALUES(38,'3.08 Adjectives','https://elllo.org/english/grammar/L3-08-Adjectives.htm','Abidemi and Todd play a word association game.',NULL,3,true);
INSERT INTO RESOURCE(id_resource, resource, url, description, comments, id_level, active) VALUES(39,'3.09 Comparatives','https://elllo.org/english/grammar/L3-09-Comparatives.htm','Listen to someone compare two famous cities in California.',NULL,3,true);
INSERT INTO RESOURCE(id_resource, resource, url, description, comments, id_level, active) VALUES(40,'3.10 Superlatives','https://elllo.org/english/grammar/L3-10-Superlatives.htm','Todd talks about the best and worst of his hometown.',NULL,3,true);
INSERT INTO RESOURCE(id_resource, resource, url, description, comments, id_level, active) VALUES(41,'3.11 Pronouns. Family portrait','https://elllo.org/english/grammar/L3-11-JohnSarah-Family-Pronouns.htm','John talks about his family and how they are unique.',NULL,3,true);
INSERT INTO RESOURCE(id_resource, resource, url, description, comments, id_level, active) VALUES(42,'3.12 Can for Permission. House Guest','https://elllo.org/english/grammar/L3-12-KatieTodd-RentHouse-Permission.htm','Listen to two people use the grammar in natural conversation.',NULL,3,true);
INSERT INTO RESOURCE(id_resource, resource, url, description, comments, id_level, active) VALUES(43,'3.13 Connectors. Clothes by Season','https://elllo.org/english/grammar/L3-13-Connectors.htm','Meg talks about her clothes that she wears each season.',NULL,3,true);
INSERT INTO RESOURCE(id_resource, resource, url, description, comments, id_level, active) VALUES(44,'3.14 Present Continuous. Plans for the Weekend','https://elllo.org/english/grammar/L3-14-Present-Continuous-Future.htm','Two people discuss their plans for Saturday and Sunday.',NULL,3,true);
INSERT INTO RESOURCE(id_resource, resource, url, description, comments, id_level, active) VALUES(45,'3.15 Much / Many. Adverbs of Frequency','http://soundgrammar.com/learn/L2-CEFR-A1/L2-15-Adverbs-Frequency.htm','Meg and Todd discuss if they are pack rats',NULL,3,true);
INSERT INTO RESOURCE(id_resource, resource, url, description, comments, id_level, active) VALUES(46,'1503 Saving Money','https://elllo.org/english/1501/1503-Abidemi-SavingMoney.htm','Abidemi and Todd discuss spending and money.',NULL,3,true);
INSERT INTO RESOURCE(id_resource, resource, url, description, comments, id_level, active) VALUES(47,'1468 My English Town','https://elllo.org/english/1451/1468-Katie-Torquay.htm','Katie talks about her town in England.',NULL,3,true);
INSERT INTO RESOURCE(id_resource, resource, url, description, comments, id_level, active) VALUES(48,'1467 My English Family','https://elllo.org/english/1451/1467-Katie-Family.htm','Katie talks about her family.',NULL,3,true);
INSERT INTO RESOURCE(id_resource, resource, url, description, comments, id_level, active) VALUES(49,'1504 Love it / Hate it','https://elllo.org/english/1501/1504-MegTodd-FreeTime-Gerunds.htm','Meg and Todd talk about things they like doing.',NULL,3,true);
INSERT INTO RESOURCE(id_resource, resource, url, description, comments, id_level, active) VALUES(50,'1502 Pack Rat','https://elllo.org/english/1501/1502-Meg-PackRat-Many-Much.htm','Keeping and throwing away things.',NULL,3,true);
INSERT INTO RESOURCE(id_resource, resource, url, description, comments, id_level, active) VALUES(51,'1501 At the Mall','https://elllo.org/english/1501/1501-KatieTodd-MallShops-Places.htm','Katie talks about things at the mall.',NULL,3,true);
INSERT INTO RESOURCE(id_resource, resource, url, description, comments, id_level, active) VALUES(52,'1464 Vietnam / Myranmar','https://elllo.org/english/1451/1464-AbidemiTodd-SEA2.htm','Abidemi talks about her summer break.',NULL,3,true);
INSERT INTO RESOURCE(id_resource, resource, url, description, comments, id_level, active) VALUES(53,'1463 Thailand / Laos','https://elllo.org/english/1451/1463-Abidemi-Todd-SEA1.htm','Abidemi talks about travels to Southeast Asia.',NULL,3,true);

INSERT INTO RESOURCE(id_resource, resource, url, description, comments, id_level, active) VALUES(54,'1460 House on Loan','https://elllo.org/english/1451/1460-Katie-RentHouse.htm','Katie asks to stay at Todd''s house.',NULL,3,true);
INSERT INTO RESOURCE(id_resource, resource, url, description, comments, id_level, active) VALUES(55,'1459 Have to Move','https://elllo.org/english/1451/1459-MegTodd-HaveToMove.htm','Meg talks about moving.',NULL,3,true);
INSERT INTO RESOURCE(id_resource, resource, url, description, comments, id_level, active) VALUES(56,'1457 International Test','https://elllo.org/english/1451/1457-KatieTodd-InternationalTest.htm','Katie takes a culture test.',NULL,3,true);
INSERT INTO RESOURCE(id_resource, resource, url, description, comments, id_level, active) VALUES(57,'1446 Eating Healthy','https://elllo.org/english/1401/1446-MegTodd-Health-Vegetables.htm','What fruits and veggies does Todd like?',NULL,3,true);
INSERT INTO RESOURCE(id_resource, resource, url, description, comments, id_level, active) VALUES(58,'1445 Fruits and Veggies','https://elllo.org/english/1401/1445-MegTodd-Health-Fruits.htm','What healthy foods does Meg like?',NULL,3,true);
INSERT INTO RESOURCE(id_resource, resource, url, description, comments, id_level, active) VALUES(59,'1426 Animals in the Zoo','https://elllo.org/english/1401/1426-MegTodd-Animals-Zoo.htm','Animals we love and fear.',NULL,3,true);
INSERT INTO RESOURCE(id_resource, resource, url, description, comments, id_level, active) VALUES(60,'1425 Animals on the Farm','https://elllo.org/english/1401/1425-MegTodd-Animals-Farm.htm','Learn how some animals are friendly.',NULL,3,true);
INSERT INTO RESOURCE(id_resource, resource, url, description, comments, id_level, active) VALUES(61,'1420 The Home of ELLLO','https://elllo.org/english/1401/1420-MegTodd-Places-Apartment.htm','Learn the Todd''s house in Japan.',NULL,3,true);
INSERT INTO RESOURCE(id_resource, resource, url, description, comments, id_level, active) VALUES(62,'﻿1419 Meg''s Place','https://elllo.org/english/1401/1419-MegTodd-Places-House.htm','Learn the Meg''s Apartment.',NULL,3,true);
INSERT INTO RESOURCE(id_resource, resource, url, description, comments, id_level, active) VALUES(63,'1406 20 Years Abroad','https://elllo.org/english/1401/1406-MegTodd-Travel-Thailand.htm','Todd talks about living overseas.',NULL,3,true);
INSERT INTO RESOURCE(id_resource, resource, url, description, comments, id_level, active) VALUES(64,'1405 Meg''s Travels','https://elllo.org/english/1401/1405-MegTodd-Travel-Spain.htm','Living in three continents.',NULL,3,true);
INSERT INTO RESOURCE(id_resource, resource, url, description, comments, id_level, active) VALUES(65,'1402 Disc Golf','https://elllo.org/english/1401/1402-John-Golf.htm','John explains his sport.',NULL,3,true);
INSERT INTO RESOURCE(id_resource, resource, url, description, comments, id_level, active) VALUES(66,'1354 Soup for Supper','https://elllo.org/english/1351/T1354-TS-Soup.htm','Sarah talks about making soup.',NULL,3,true);
INSERT INTO RESOURCE(id_resource, resource, url, description, comments, id_level, active) VALUES(67,'1353 Super City. City superlatives','https://elllo.org/english/1351/T1353-TS-SanFranciscoSuperlatives.htm','The best and worst of SF.',NULL,3,true);
INSERT INTO RESOURCE(id_resource, resource, url, description, comments, id_level, active) VALUES(68,'1346 City Down Under. Living in Melbourne','https://elllo.org/english/1301/T1346-Shirley-Melbourne.htm','Shirley talks about Melbourne.',NULL,3,true);
INSERT INTO RESOURCE(id_resource, resource, url, description, comments, id_level, active) VALUES(69,'1345 The Weekend.Weekend Work, Wildlife, and Art','https://elllo.org/english/1301/T1345-Shirley-Weekend.htm','Shirley talks about her weekend.',NULL,3,true);
INSERT INTO RESOURCE(id_resource, resource, url, description, comments, id_level, active) VALUES(70,'1304 When in Portugal. Travel Tips For Portugal','https://elllo.org/english/1301/T1304-Ana-PortugalTips.htm','Things to do in Portugal.',NULL,3,true);
INSERT INTO RESOURCE(id_resource, resource, url, description, comments, id_level, active) VALUES(71,'1303 Life in Portugal','https://elllo.org/english/1301/T1303-Ana-Portugal.htm','Food, life and weather.',NULL,3,true);
INSERT INTO RESOURCE(id_resource, resource, url, description, comments, id_level, active) VALUES(72,'1019 Hawaii','https://elllo.org/english/1001/1019-Ron-Hawaii.htm','What makes Hawaii so special.',NULL,3,true);
INSERT INTO RESOURCE(id_resource, resource, url, description, comments, id_level, active) VALUES(73,'940 Ron''s Favorites Foods','https://elllo.org/english/0901/T940-Ron-Food.htm','Foods Ron loves to eat.',NULL,3,true);
INSERT INTO RESOURCE(id_resource, resource, url, description, comments, id_level, active) VALUES(74,'939 Mari''s Favorite Foods','https://elllo.org/english/0901/T939-Mari-Food.htm','Foods Mari loves to eat.',NULL,3,true);
INSERT INTO RESOURCE(id_resource, resource, url, description, comments, id_level, active) VALUES(75,'931 Middle School','https://elllo.org/english/0901/T931-Naomi-School.htm','Daily life in middle school.',NULL,3,true);
INSERT INTO RESOURCE(id_resource, resource, url, description, comments, id_level, active) VALUES(76,'928 Free Time','https://elllo.org/english/0901/T928-Naomi-FreeTime.htm','Naomi''s ree time activities.',NULL,3,true);
INSERT INTO RESOURCE(id_resource, resource, url, description, comments, id_level, active) VALUES(77,'927 Net Ball','https://elllo.org/english/0901/T927-Naomi-Netball.htm','Naomi talks about sport.',NULL,3,true);
INSERT INTO RESOURCE(id_resource, resource, url, description, comments, id_level, active) VALUES(78,'918 Mari''s Media Choices','https://elllo.org/english/0901/T918-Mari-Media.htm','Mari''s talks about media.',NULL,3,true);
INSERT INTO RESOURCE(id_resource, resource, url, description, comments, id_level, active) VALUES(79,'917 Ron''s Media Choices','https://elllo.org/english/0901/T917-Ron-Media.htm','Ron talks about media.',NULL,3,true);
INSERT INTO RESOURCE(id_resource, resource, url, description, comments, id_level, active) VALUES(80,'916 Mari''s Abilities','https://elllo.org/english/0901/T916-Mari-Ability.htm','Mari talks about her abilities.',NULL,3,true);
INSERT INTO RESOURCE(id_resource, resource, url, description, comments, id_level, active) VALUES(81,'915 Ron''s Abilities','https://elllo.org/english/0901/T915-Ron-Ability.htm','Ron talks about abilities.',NULL,3,true);
INSERT INTO RESOURCE(id_resource, resource, url, description, comments, id_level, active) VALUES(82,'4.01 Do for emphasis. I do speak Spanish!','https://elllo.org/english/grammar/L4-01-Do-Emphasis.htm','Two people share langaues they do and don''t speak.',NULL,4,true);
INSERT INTO RESOURCE(id_resource, resource, url, description, comments, id_level, active) VALUES(83,'4.02 Causative Verbs. Job Duties','https://elllo.org/english/grammar/L4-02-Causative-Verbs.htm','Sarah gives job tips for working for the U.S. State Department.',NULL,4,true);
INSERT INTO RESOURCE(id_resource, resource, url, description, comments, id_level, active) VALUES(84,'4.03 Used to. Life Way Back When','https://elllo.org/english/grammar/L4-03-Used-To.htm','Two people talk about how life was different not long ago.',NULL,4,true);
INSERT INTO RESOURCE(id_resource, resource, url, description, comments, id_level, active) VALUES(85,'4.04 Would - Past Tense. Valentine''s Day Memories','https://elllo.org/english/grammar/L4-04-Would-Past.htm','Mel and Doron disucss a romantic holiday for kids.',NULL,4,true);
INSERT INTO RESOURCE(id_resource, resource, url, description, comments, id_level, active) VALUES(86,'4.05 Should - Suggestions. Getting a Job with Uncle Sam','https://elllo.org/english/grammar/L4-05-Should-Suggestions.htm','Sarah gives job tips for working for the U.S. State Department.',NULL,4,true);
INSERT INTO RESOURCE(id_resource, resource, url, description, comments, id_level, active) VALUES(87,'4.06 Would like / Want to. What would you like to do?','https://elllo.org/english/grammar/L4-06-Would-like-Want.htm','Two people share what they would like to do in their life.',NULL,4,true);
INSERT INTO RESOURCE(id_resource, resource, url, description, comments, id_level, active) VALUES(88,'4.07 Present Perfect. How International are you?','https://elllo.org/english/grammar/L4-07-Present-Perfect-Experiences.htm','Expereinces with people, food and cultures, movies and more.',NULL,4,true);
INSERT INTO RESOURCE(id_resource, resource, url, description, comments, id_level, active) VALUES(89,'4.08 Must, Have to, Need to. Meg has to move','https://elllo.org/english/grammar/L4-08-Modals-Obligation.htm','Meg is moving and talks about all the things she needs to do.',NULL,4,true);
INSERT INTO RESOURCE(id_resource, resource, url, description, comments, id_level, active) VALUES(90,'4.09 Zero Conditional. What to do when and if ...','https://elllo.org/english/grammar/L4-09-Zero-Conditionals.htm','Sarah and Todd share what they do in certain situations.',NULL,4,true);
INSERT INTO RESOURCE(id_resource, resource, url, description, comments, id_level, active) VALUES(91,'4.10 First Conditional. Class President','https://elllo.org/english/grammar/L4-10-First-Conditional.htm','Six students share what they will do if they are class president.',NULL,4,true);
INSERT INTO RESOURCE(id_resource, resource, url, description, comments, id_level, active) VALUES(92,'1470 Media - Then and Now','https://elllo.org/english/1451/1470-MegTodd-CompareMedia.htm','Comparing movies and news eras.',NULL,4,true);
INSERT INTO RESOURCE(id_resource, resource, url, description, comments, id_level, active) VALUES(93,'1462 Nepal Travel Tips','https://elllo.org/english/1451/1462-Jin-Nepal-Tips.htm','Katie takes a culture test.',NULL,4,true);
INSERT INTO RESOURCE(id_resource, resource, url, description, comments, id_level, active) VALUES(94,'1461 Nepal by Region','https://elllo.org/english/1451/1461-Jin-Nepal.htm','Jin talks about Nepals different areas.',NULL,4,true);
INSERT INTO RESOURCE(id_resource, resource, url, description, comments, id_level, active) VALUES(95,'1448 The Right Age','https://elllo.org/english/1401/1448-Katie-Phone.htm','When should kids get phones?',NULL,4,true);
INSERT INTO RESOURCE(id_resource, resource, url, description, comments, id_level, active) VALUES(96,'1437 Homesickness. Missing Home','https://elllo.org/english/1401/1437-Gilda-Homesick.htm','Missing things from home.',NULL,4,true);
INSERT INTO RESOURCE(id_resource, resource, url, description, comments, id_level, active) VALUES(97,'1432 Going to Mars','https://elllo.org/english/1401/1432-JohnSarah-Mars.htm','Reasons to go or not go to space',NULL,4,true);
INSERT INTO RESOURCE(id_resource, resource, url, description, comments, id_level, active) VALUES(98,'1424 Food We Hate','https://elllo.org/english/1401/1424-KatieGilda-FoodWeHate.htm','Surprising foods people dislike!',NULL,4,true);
INSERT INTO RESOURCE(id_resource, resource, url, description, comments, id_level, active) VALUES(99,'1423 Comfort Food','https://elllo.org/english/1401/1423-KatieWilda-ComfortFood.htm','Food we love!',NULL,4,true);
INSERT INTO RESOURCE(id_resource, resource, url, description, comments, id_level, active) VALUES(100,'1401 The Big Game. Super Party','https://elllo.org/english/1401/1401-Katie-SuperBowlParty.htm','Invite to the Super Bowl.',NULL,4,true);
INSERT INTO RESOURCE(id_resource, resource, url, description, comments, id_level, active) VALUES(101,'1384 Stay-at-home Moms','https://elllo.org/english/1351/T1384-MW-02-HeartFonder.htm','Going from work to home.',NULL,4,true);
INSERT INTO RESOURCE(id_resource, resource, url, description, comments, id_level, active) VALUES(102,'1383 Macho Women','https://elllo.org/english/1351/T1383-MW-01-LoveConcept.htm','Tough gals with tough attitudes.',NULL,4,true);
INSERT INTO RESOURCE(id_resource, resource, url, description, comments, id_level, active) VALUES(103,'1382 On the Trail','https://elllo.org/english/1351/T1382-Sarah-Onthetrail.htm','Working with horses on the trail.',NULL,4,true);
INSERT INTO RESOURCE(id_resource, resource, url, description, comments, id_level, active) VALUES(104,'1381 Rodeo Rider','https://elllo.org/english/1351/T1381-Sarah-Cowgirl.htm','Being a woman in the rodeo.',NULL,4,true);
INSERT INTO RESOURCE(id_resource, resource, url, description, comments, id_level, active) VALUES(105,'1235 Hotel for Him','https://elllo.org/english/1201/1235-Mike-Hotel.htm','Mike''s ideal hotel when traveling.',NULL,4,true);
INSERT INTO RESOURCE(id_resource, resource, url, description, comments, id_level, active) VALUES(106,'1230 New Gym','https://elllo.org/english/1201/1230-Rebecca-Gym.htm','Rebecca gets info about the new gym.',NULL,4,true);
INSERT INTO RESOURCE(id_resource, resource, url, description, comments, id_level, active) VALUES(107,'1122 DJ Host','https://elllo.org/english/1101/1122-Shifani-Host.htm','Shifani talks about being a bilingual DJ.',NULL,4,true);
INSERT INTO RESOURCE(id_resource, resource, url, description, comments, id_level, active) VALUES(108,'1121 Teen Host','https://elllo.org/english/1101/1121-Shifani-Radio.htm','Shifani talks about being a child DJ.',NULL,4,true);
INSERT INTO RESOURCE(id_resource, resource, url, description, comments, id_level, active) VALUES(109,'1118 His Dreams','https://elllo.org/english/1101/1118-Dream-Warren.htm','Warren talks about his hopes and dreams.',NULL,4,true);
INSERT INTO RESOURCE(id_resource, resource, url, description, comments, id_level, active) VALUES(110,'1117 Her Dreams','https://elllo.org/english/1101/1117-Dream-Lindsay.htm','Lindsay talks about what she wanted to be as a child.',NULL,4,true);
INSERT INTO RESOURCE(id_resource, resource, url, description, comments, id_level, active) VALUES(111,'1108 Boys Camp','https://elllo.org/english/1101/1108-Camp-Warren.htm','Warren talks about his summer camp memories.',NULL,4,true);
INSERT INTO RESOURCE(id_resource, resource, url, description, comments, id_level, active) VALUES(112,'1107 Girls Camp','https://elllo.org/english/1101/1107-Camp-Lindsay.htm','Lindsay talks about her summer camp memories.',NULL,4,true);
INSERT INTO RESOURCE(id_resource, resource, url, description, comments, id_level, active) VALUES(113,'1017 Paul Bunyan','https://elllo.org/english/1001/1017-Jake-Bunyan.htm','Jakes discusses a popular folk hero.',NULL,4,true);
INSERT INTO RESOURCE(id_resource, resource, url, description, comments, id_level, active) VALUES(114,'1004 Touchy Feely','https://elllo.org/english/1001/1004-Touch.htm','Cheryl compares touch in Hong Kong, America, and Guam.',NULL,4,true);
INSERT INTO RESOURCE(id_resource, resource, url, description, comments, id_level, active) VALUES(115,'1003 Displays of Affection','https://elllo.org/english/1001/1003-Moves.htm','Hugs, kisses and holding hands.',NULL,4,true);
INSERT INTO RESOURCE(id_resource, resource, url, description, comments, id_level, active) VALUES(116,'997 The Prank','https://elllo.org/english/0951/T997-Shirley-Prank.htm','Shirley talks about a prank she did with her brothers.',NULL,4,true);
INSERT INTO RESOURCE(id_resource, resource, url, description, comments, id_level, active) VALUES(117,'994 Farm Life','https://elllo.org/english/0951/T994-Monica-Farm.htm','Todd and Monica discuss life on the farm.',NULL,4,true);
INSERT INTO RESOURCE(id_resource, resource, url, description, comments, id_level, active) VALUES(118,'993 Kiwi Adventure','https://elllo.org/english/0951/T993-Monica-NZTips.htm','Monica gives some tips about New Zealand.',NULL,4,true);
INSERT INTO RESOURCE(id_resource, resource, url, description, comments, id_level, active) VALUES(119,'992 Long Life','https://elllo.org/english/0951/T992-Monica-LongLife.htm','Monica and Todd discuss the secrets of having a long life.',NULL,4,true);
INSERT INTO RESOURCE(id_resource, resource, url, description, comments, id_level, active) VALUES(120,'991 Tai Chi','https://elllo.org/english/0951/T991-Monica-TaiChi.htm','Monica talks about the popular exercise of Tai Chi.',NULL,4,true);
INSERT INTO RESOURCE(id_resource, resource, url, description, comments, id_level, active) VALUES(121,'1454 Life in the Artic','https://elllo.org/english/1451/1454-AbidemiTodd-Innuits.htm','How people live in the Artic!',NULL,4,true);
INSERT INTO RESOURCE(id_resource, resource, url, description, comments, id_level, active) VALUES(122,'1453 Life Happens Up North','https://elllo.org/english/1451/1453-Abidemi-Todd-Innuits.htm','Working and living in the artic.',NULL,4,true);
INSERT INTO RESOURCE(id_resource, resource, url, description, comments, id_level, active) VALUES(123,'1449 Burger Barn','https://elllo.org/english/1401/1449-Todd-BurgerBarn.htm','Can I take your order?',NULL,4,true);
INSERT INTO RESOURCE(id_resource, resource, url, description, comments, id_level, active) VALUES(124,'1236 Hotel for Her','https://elllo.org/english/1201/1236-Erina-Hotel.htm','Erina''s ideal hotel when traveling.',NULL,4,true);
INSERT INTO RESOURCE(id_resource, resource, url, description, comments, id_level, active) VALUES(125,'988 The Break Up','https://elllo.org/english/0951/T988-George-BreakUp.htm','Crystal gives advice on how to break up.',NULL,4,true);
INSERT INTO RESOURCE(id_resource, resource, url, description, comments, id_level, active) VALUES(126,'987 Class Crush','https://elllo.org/english/0951/T987-George-Crush.htm','Crystal gives George female advice on women.',NULL,4,true);
INSERT INTO RESOURCE(id_resource, resource, url, description, comments, id_level, active) VALUES(127,'5.04 Subordinating Conjunctions - Condition. Party at the Park','https://elllo.org/english/grammar/L5-04-SubCo-Condition.htm','Todd asks Darcy to a party.',NULL,5,true);
INSERT INTO RESOURCE(id_resource, resource, url, description, comments, id_level, active) VALUES(128,'5.05 Second Conditional. Dream On','https://elllo.org/english/grammar/L5-05-Second-Conditional.htm','What would you do if you were rich? Six people share thoughts.',NULL,5,true);
INSERT INTO RESOURCE(id_resource, resource, url, description, comments, id_level, active) VALUES(129,'5.06 Adjective Clause. Live Long and Be Heathy','https://elllo.org/english/grammar/L5-06-Adjective-Clause.htm','Monica talks about living a healthy life.',NULL,5,true);
INSERT INTO RESOURCE(id_resource, resource, url, description, comments, id_level, active) VALUES(130,'5.07 Noun Clause. It is what it is!','https://elllo.org/english/grammar/L5-07B-Noun-Cllause.htm','Common phrases with a noun clause. It is what it is!',NULL,5,true);
INSERT INTO RESOURCE(id_resource, resource, url, description, comments, id_level, active) VALUES(131,'5.01 Coordinating Conjunction- Fanboys. Collecting Computers','https://elllo.org/english/grammar/L5-01-Fanboys.htm','Why Todd has many computers.',NULL,5,true);
INSERT INTO RESOURCE(id_resource, resource, url, description, comments, id_level, active) VALUES(132,'5.02 Subordinating Conjunctions - Time. Soup for Supper','https://elllo.org/english/grammar/L5-02-SubCo-Time.htm','Sarah talks about making soup.',NULL,5,true);
INSERT INTO RESOURCE(id_resource, resource, url, description, comments, id_level, active) VALUES(133,'5.03 Subordinating Conjunctions - Reason. Housing and Transportation','https://elllo.org/english/grammar/L5-03-SubCo-Reason.htm','6 people discuss their housing.',NULL,5,true);
INSERT INTO RESOURCE(id_resource, resource, url, description, comments, id_level, active) VALUES(134,'5.08 Projected Speech. Talent Wish','https://elllo.org/english/grammar/L5-08-Projected-Speech.htm','Two college students share what talents they wish they had.',NULL,5,true);
INSERT INTO RESOURCE(id_resource, resource, url, description, comments, id_level, active) VALUES(135,'5.09 Present Perfect. Wedding Plans','https://elllo.org/english/grammar/L5-09-Present-Perfect-Recent.htm','Meg talks about what she needs to do for her wedding.',NULL,5,true);
INSERT INTO RESOURCE(id_resource, resource, url, description, comments, id_level, active) VALUES(136,'5.10 Past Conditional. Do Over','https://elllo.org/english/grammar/L5-10-Past-Conditional.htm','Two people share what they''d like to do over in their life.',NULL,5,true);
INSERT INTO RESOURCE(id_resource, resource, url, description, comments, id_level, active) VALUES(137,'1520 Bangkok Shopping','https://elllo.org/english/1501/1520-Jerri-Fashion.htm','Jerri shares shopping options in Bangkok.',NULL,5,true);
INSERT INTO RESOURCE(id_resource, resource, url, description, comments, id_level, active) VALUES(138,'1519 Bangkok Transportation - Part 2','https://elllo.org/english/1501/1519-Jerri-Transportation.htm','More ways to get around in Bangkok.',NULL,5,true);
INSERT INTO RESOURCE(id_resource, resource, url, description, comments, id_level, active) VALUES(139,'1518 Bangkok Transportation - Part 1','https://elllo.org/english/1501/1518-Jerri-Transportation.htm','Getting around in Bangkok.',NULL,5,true);
INSERT INTO RESOURCE(id_resource, resource, url, description, comments, id_level, active) VALUES(140,'1517 Island Stress','https://elllo.org/english/1501/1517-Jerri-Island-Stress.htm','Problems facing Thailand''s islands.',NULL,5,true);
INSERT INTO RESOURCE(id_resource, resource, url, description, comments, id_level, active) VALUES(141,'1516 Thai Island Life','https://elllo.org/english/1501/1516-Jerri-Islands.htm','The wonderful features of Thailand''s islands.',NULL,5,true);
INSERT INTO RESOURCE(id_resource, resource, url, description, comments, id_level, active) VALUES(142,'1515 Kids and Boredom','https://elllo.org/english/1501/1515-Angela-Kids-and-Boredom.htm','Is life too fun for kids?',NULL,5,true);
INSERT INTO RESOURCE(id_resource, resource, url, description, comments, id_level, active) VALUES(143,'1514 Family Money Flow','https://elllo.org/english/1501/1514-Angela-MoneyFlow.htm','How families and money differ worldwide.',NULL,5,true);
INSERT INTO RESOURCE(id_resource, resource, url, description, comments, id_level, active) VALUES(144,'1513 The Empty Nest','https://elllo.org/english/1501/1513-Angela-Families.htm','Life after the kids grow up.',NULL,5,true);
INSERT INTO RESOURCE(id_resource, resource, url, description, comments, id_level, active) VALUES(145,'1490 Music and Money. The Music Industry','https://elllo.org/english/1451/1490-Ben-Hanna-Music-Business.htm','Ben and Hanna discuss the music industry.',NULL,5,true);
INSERT INTO RESOURCE(id_resource, resource, url, description, comments, id_level, active) VALUES(146,'1489 High School Band','https://elllo.org/english/1451/1489-Ben-Hanna-HIghSchoolBabd.htm','Ben talks about being a rock band in high school.',NULL,5,true);
INSERT INTO RESOURCE(id_resource, resource, url, description, comments, id_level, active) VALUES(147,'1488 Super Hero Skills','https://elllo.org/english/1451/1488-Gyri-Viyasan-Superhero-Abilities.htm','What skill would you like to have?',NULL,5,true);
INSERT INTO RESOURCE(id_resource, resource, url, description, comments, id_level, active) VALUES(148,'1487 Hard Work vs Talent.','https://elllo.org/english/1451/1487-Gyri-Viyasan-HardWork-Talent.htm','What trait is more important to success?',NULL,5,true);
INSERT INTO RESOURCE(id_resource, resource, url, description, comments, id_level, active) VALUES(149,'1482 Phone Addictions','https://elllo.org/english/1451/1482-Jen-SocialMedia.htm','Can you live without your phone?',NULL,5,true);
INSERT INTO RESOURCE(id_resource, resource, url, description, comments, id_level, active) VALUES(150,'1478 Burgers and Baseball','https://elllo.org/english/1451/1478-Shantel-Burgers.htm','Food and sport stereotypes.',NULL,5,true);
INSERT INTO RESOURCE(id_resource, resource, url, description, comments, id_level, active) VALUES(151,'1380 Truffle Time','https://elllo.org/english/1351/T1380-Meg-04-Truffle.htm','How to make these chocolate goodies.',NULL,5,true);
INSERT INTO RESOURCE(id_resource, resource, url, description, comments, id_level, active) VALUES(152,'1379 Baking Cake Pops','https://elllo.org/english/1351/T1379-Meg-03-Baking.htm','New trends in baking.',NULL,5,true);
INSERT INTO RESOURCE(id_resource, resource, url, description, comments, id_level, active) VALUES(153,'1328 Ocean Encounters','https://elllo.org/english/1301/T1328-Sorie-FishStory.htm','Sorie and Mark talk about meeting sealife.',NULL,5,true);
INSERT INTO RESOURCE(id_resource, resource, url, description, comments, id_level, active) VALUES(154,'1237 Freaks and Animals','https://elllo.org/english/1201/1237-Julia-Types.htm','Julia and Todd discuss certain lifestyles.',NULL,5,true);
INSERT INTO RESOURCE(id_resource, resource, url, description, comments, id_level, active) VALUES(155,'1224 More Moms','https://elllo.org/english/1201/1224-Todd-Tigermom.htm','Tiger Moms and Helicopter Parents.',NULL,5,true);
INSERT INTO RESOURCE(id_resource, resource, url, description, comments, id_level, active) VALUES(156,'1223 Soccer Moms','https://elllo.org/english/1201/1223-Todd-SoccerMom.htm','Soccer Moms and Nascar Dads.',NULL,5,true);
INSERT INTO RESOURCE(id_resource, resource, url, description, comments, id_level, active) VALUES(157,'1200 Born to Run','https://elllo.org/english/1151/T1200-Julia-Sport.htm','Julia talks about people who run long distances.',NULL,5,true);
INSERT INTO RESOURCE(id_resource, resource, url, description, comments, id_level, active) VALUES(158,'1198 Alternative Exercise','https://elllo.org/english/1151/T1198-Julia-Sport.html','New ways people stay in shape.',NULL,5,true);
INSERT INTO RESOURCE(id_resource, resource, url, description, comments, id_level, active) VALUES(159,'1184 Character Changes','https://elllo.org/english/1151/T1184-Maria-Peronsality.html','Maria talks about her personality.',NULL,5,true);
INSERT INTO RESOURCE(id_resource, resource, url, description, comments, id_level, active) VALUES(160,'1183 Changes in Appearance','https://elllo.org/english/1151/T1183-Maria-Appearance.html','Maria talks about changing her appearance.',NULL,5,true);
INSERT INTO RESOURCE(id_resource, resource, url, description, comments, id_level, active) VALUES(161,'1088 Make-up','https://elllo.org/english/1051/1088-Rebecca-Make-up.htm','Rebecca talks about being introduced to make-up.',NULL,5,true);
INSERT INTO RESOURCE(id_resource, resource, url, description, comments, id_level, active) VALUES(162,'1087 Tomboy','https://elllo.org/english/1051/1087-Rebecca-Tomboy.htm','Rebecca talks about growing up as a tomboy.',NULL,5,true);
INSERT INTO RESOURCE(id_resource, resource, url, description, comments, id_level, active) VALUES(163,'1044 Ginger Snacks','https://elllo.org/english/1001/1044-Ginger-Dip.htm','Ginger can make pumpkin dip and fruit smoothies.',NULL,5,true);
INSERT INTO RESOURCE(id_resource, resource, url, description, comments, id_level, active) VALUES(164,'1043 Eggplant Curry','https://elllo.org/english/1001/1043-Nabil-Curry.htm','Nabil shares the secret for his eggplant curry.',NULL,5,true);
INSERT INTO RESOURCE(id_resource, resource, url, description, comments, id_level, active) VALUES(165,'1042 Nabeel''s Place','https://elllo.org/english/1001/1042-Nabil-Apartment.htm','Nabeel talks about his apartment and neighbors.',NULL,5,true);
INSERT INTO RESOURCE(id_resource, resource, url, description, comments, id_level, active) VALUES(166,'1041 Ginger''s Place','https://elllo.org/english/1001/1041-Ginger-Apartment.htm','Ginger shares why she lives where she does.',NULL,5,true);
INSERT INTO RESOURCE(id_resource, resource, url, description, comments, id_level, active) VALUES(167,'1027 Countries United','https://elllo.org/english/1001/1027-Shirley-UK.htm','Shirley explains the United Kingdom and Great Britain.',NULL,5,true);
INSERT INTO RESOURCE(id_resource, resource, url, description, comments, id_level, active) VALUES(168,'1022 Island Invasion','https://elllo.org/english/1001/1022-Cheryl-Danger.htm','Cheryl talks about serious problems on her island.',NULL,5,true);
INSERT INTO RESOURCE(id_resource, resource, url, description, comments, id_level, active) VALUES(169,'1021 Island Dangers','https://elllo.org/english/1001/1021-Cheryl-Danger.htm','Cheryl talks about dangerous things on her island.',NULL,5,true);
INSERT INTO RESOURCE(id_resource, resource, url, description, comments, id_level, active) VALUES(170,'1015 The Big Mix','https://elllo.org/english/1001/1015-MixPop.htm','CleAnn talks about her very multicultural country.',NULL,5,true);
INSERT INTO RESOURCE(id_resource, resource, url, description, comments, id_level, active) VALUES(171,'1510 Student Life in China Part 2','https://elllo.org/english/1501/1510-Rufei-ChinaStudents.htm','Hear about life for students in China.',NULL,5,true);
INSERT INTO RESOURCE(id_resource, resource, url, description, comments, id_level, active) VALUES(172,'1509 Student Life in China Part 1','https://elllo.org/english/1501/1509-Rufei-ChinaStudents.htm','Hear how school in China is very competitive.',NULL,5,true);
INSERT INTO RESOURCE(id_resource, resource, url, description, comments, id_level, active) VALUES(173,'1506 Favorite Celebrities','https://elllo.org/english/1501/1506-Ben-Hanna-Celebrity.htm','Hana and Ben discuss famous people they like.',NULL,5,true);
INSERT INTO RESOURCE(id_resource, resource, url, description, comments, id_level, active) VALUES(174,'1505 Movie Take','https://elllo.org/english/1501/1505-Ben-Hanna-Movie.htm','Ben talks about two movies he saw recently.',NULL,5,true);
INSERT INTO RESOURCE(id_resource, resource, url, description, comments, id_level, active) VALUES(175,'1500 Learning with TV','https://elllo.org/english/1451/1500-Ben-Hana-TV-Shows.htm','Good shows to learn English.',NULL,5,true);
INSERT INTO RESOURCE(id_resource, resource, url, description, comments, id_level, active) VALUES(176,'1499 Learning English. Tips for Learning English','https://elllo.org/english/1451/1499-Ben-Hana-English-Tips.htm','Learn tips to learn English.',NULL,5,true);
INSERT INTO RESOURCE(id_resource, resource, url, description, comments, id_level, active) VALUES(177,'1238 More Freaks','https://elllo.org/english/1201/1238-Julia-Types.htm','Julia and Todd discuss certain traits.',NULL,5,true);
INSERT INTO RESOURCE(id_resource, resource, url, description, comments, id_level, active) VALUES(178,'1028 Sports Divided','https://elllo.org/english/1001/1028-Shirley-UK.htm','Shirley talks about two rival teams in Scotland.',NULL,5,true);
INSERT INTO RESOURCE(id_resource, resource, url, description, comments, id_level, active) VALUES(179,'1006 Winning','https://elllo.org/english/1001/1006-Winning.htm','Monica and Todd debate winning and teen sports.',NULL,5,true);
INSERT INTO RESOURCE(id_resource, resource, url, description, comments, id_level, active) VALUES(180,'1005 Physical Education','https://elllo.org/english/1001/1005-PE.htm','Monica and Todd discuss students taking P.E. classes.',NULL,5,true);
INSERT INTO RESOURCE(id_resource, resource, url, description, comments, id_level, active) VALUES(181,'1512 Bangkok Street Food','https://elllo.org/english/1501/1512-Natalie-StreetFood.htm','Natalie talks about street cuisine.',NULL,6,true);
INSERT INTO RESOURCE(id_resource, resource, url, description, comments, id_level, active) VALUES(182,'1494 Expiration Dates','https://elllo.org/english/1451/1494-Rachel-Todd-Shelf-Life.htm','Talking about best buy dates.',NULL,6,true);
INSERT INTO RESOURCE(id_resource, resource, url, description, comments, id_level, active) VALUES(183,'1493 Throw it out!','https://elllo.org/english/1451/1493-Rachel-Todd-Expiration.htm','When do people toss away thing?',NULL,6,true);
INSERT INTO RESOURCE(id_resource, resource, url, description, comments, id_level, active) VALUES(184,'1485 Birds Don''t Fly.','https://elllo.org/english/1451/1485-Rachel-Birds.htm','The birds of New Zealand.',NULL,6,true);
INSERT INTO RESOURCE(id_resource, resource, url, description, comments, id_level, active) VALUES(185,'1484 Pests and Predators.','https://elllo.org/english/1451/1484-Rachel-Predators.htm','An animal issue in New Zealand.',NULL,6,true);
INSERT INTO RESOURCE(id_resource, resource, url, description, comments, id_level, active) VALUES(186,'1472 Giving Gifts','https://elllo.org/english/1451/1472-Aimee-Give-Gifts.htm','The hassle of buying presents.',NULL,6,true);
INSERT INTO RESOURCE(id_resource, resource, url, description, comments, id_level, active) VALUES(187,'1471 Black Friday.','https://elllo.org/english/1451/1471-Aimee-BlackFriday.htm','Learn about this popular shopping day.',NULL,6,true);
INSERT INTO RESOURCE(id_resource, resource, url, description, comments, id_level, active) VALUES(188,'1466 Body Idioms Part 2.','https://elllo.org/english/1451/1466-MegTodd-BodyIdioms.htm','Meg and Todd discuss common idioms.',NULL,6,true);
INSERT INTO RESOURCE(id_resource, resource, url, description, comments, id_level, active) VALUES(189,'1465 Body Idioms Part 1.','https://elllo.org/english/1451/1465-MegTodd-BodyIdioms.htm','Meg and Todd discuss common idioms.',NULL,6,true);
INSERT INTO RESOURCE(id_resource, resource, url, description, comments, id_level, active) VALUES(190,'1456 Brain Drain.','https://elllo.org/english/1451/1456-Pernais-BrainDrain.htm','Pernais talks about Jamaica.',NULL,6,true);
INSERT INTO RESOURCE(id_resource, resource, url, description, comments, id_level, active) VALUES(191,'1455 Out of Country.','https://elllo.org/english/1451/1455-Pernais-OutOfCountry.htm','Pernais talks about Jamaica.',NULL,6,true);
INSERT INTO RESOURCE(id_resource, resource, url, description, comments, id_level, active) VALUES(192,'1400 Brush and Shave.','https://elllo.org/english/1351/T1400-Meg-08-Teeth.htm','Do you brush and shave every day?',NULL,6,true);
INSERT INTO RESOURCE(id_resource, resource, url, description, comments, id_level, active) VALUES(193,'1399 Shower Schedule.','https://elllo.org/english/1351/T1399-Meg-07-Bathing.htm','How often do you shower?',NULL,6,true);
INSERT INTO RESOURCE(id_resource, resource, url, description, comments, id_level, active) VALUES(194,'1398 Power of Personality.','https://elllo.org/english/1351/T1398-AbidemiRory-02-Personality.htm','What kind of person are you?',NULL,6,true);
INSERT INTO RESOURCE(id_resource, resource, url, description, comments, id_level, active) VALUES(195,'1397 Introverts and Extroverts.','https://elllo.org/english/1351/T1397-AbidemiRory-01-Personality.htm','Are you outgoing?',NULL,6,true);
INSERT INTO RESOURCE(id_resource, resource, url, description, comments, id_level, active) VALUES(196,'1376 Living for today not tomorrow.','https://elllo.org/english/1351/T1376-AdamSarah-04-BucketList.htm','Life with no regrets.',NULL,6,true);
INSERT INTO RESOURCE(id_resource, resource, url, description, comments, id_level, active) VALUES(197,'1375 Bucket List.','https://elllo.org/english/1351/T1375-AdamSarah-03-BucketList.htm','Thing people would like to do in life.',NULL,6,true);
INSERT INTO RESOURCE(id_resource, resource, url, description, comments, id_level, active) VALUES(198,'1374 Dream Time.','https://elllo.org/english/1351/T1374-SarahTodd-02-Dream.htm','Sarah and Todd discuss having dreams.',NULL,6,true);
INSERT INTO RESOURCE(id_resource, resource, url, description, comments, id_level, active) VALUES(199,'1373 Sleeping Patterns.','https://elllo.org/english/1351/T1373-SarahTodd-01-Sleep.htm','How much sleep do we need?',NULL,6,true);
INSERT INTO RESOURCE(id_resource, resource, url, description, comments, id_level, active) VALUES(200,'1366 Her DoOver.','https://elllo.org/english/1351/T1366-AdamSarah-02-DoOver.htm','What would Sarah do over in her life?',NULL,6,true);
INSERT INTO RESOURCE(id_resource, resource, url, description, comments, id_level, active) VALUES(201,'1365 His DoOver.','https://elllo.org/english/1351/T1365-AdamSarah-01-DoOver.htm','What woudl Adam change about his life?',NULL,6,true);
INSERT INTO RESOURCE(id_resource, resource, url, description, comments, id_level, active) VALUES(202,'1364 New York Sports.','https://elllo.org/english/1351/T1364-Warren-Sports.htm','Tourist tips for New York.',NULL,6,true);
INSERT INTO RESOURCE(id_resource, resource, url, description, comments, id_level, active) VALUES(203,'1363 New York Tips.','https://elllo.org/english/1351/T1363-Warren-NewYork.htm','Tips for visiting New York.',NULL,6,true);
INSERT INTO RESOURCE(id_resource, resource, url, description, comments, id_level, active) VALUES(204,'1360 His Life in Japan.','https://elllo.org/english/1351/T1360-Warren-Choices.htm','Warren talks habits he started in Japan.',NULL,6,true);
INSERT INTO RESOURCE(id_resource, resource, url, description, comments, id_level, active) VALUES(205,'1359 Her Life in Japan.','https://elllo.org/english/1351/T1359-Antoinette-Japan.htm','Antoinette talks about habits in Japan.',NULL,6,true);
INSERT INTO RESOURCE(id_resource, resource, url, description, comments, id_level, active) VALUES(206,'1356 Baby on Board.','https://elllo.org/english/1351/T1356-JA-BabyOnBoard.htm','Jeremy talks about handing a baby while flying.',NULL,6,true);
INSERT INTO RESOURCE(id_resource, resource, url, description, comments, id_level, active) VALUES(207,'1355 Proud Papa.','https://elllo.org/english/1351/T1355-JA-NewBorn.htm','Jeremy talks about being a dad for the first time.',NULL,6,true);
INSERT INTO RESOURCE(id_resource, resource, url, description, comments, id_level, active) VALUES(208,'1350 In the Club.','https://elllo.org/english/1301/T1350-amy-money-floor.htm','Aimee talks about working part-time.',NULL,6,true);
INSERT INTO RESOURCE(id_resource, resource, url, description, comments, id_level, active) VALUES(209,'1349 In the Tropics.','https://elllo.org/english/1301/T1349-paul-tropics.htm','Paul talks about a job in the rainforest.',NULL,6,true);
INSERT INTO RESOURCE(id_resource, resource, url, description, comments, id_level, active) VALUES(210,'1347 Commercial Xmas.','https://elllo.org/english/1301/T1347-Rory-Commercial.htm','Are holidays too commercial?',NULL,6,true);
INSERT INTO RESOURCE(id_resource, resource, url, description, comments, id_level, active) VALUES(211,'1310 Homegrown Foreigner.','https://elllo.org/english/1301/T1310-Jeremy-GoingHome.htm','Feeling strange at home.',NULL,6,true);
INSERT INTO RESOURCE(id_resource, resource, url, description, comments, id_level, active) VALUES(212,'1511 Bustling Bangkok','https://elllo.org/english/1501/1511-Natalie-Bangkok.htm','Natalie talks about a great Asian city.',NULL,6,true);
INSERT INTO RESOURCE(id_resource, resource, url, description, comments, id_level, active) VALUES(213,'1370 The Medic.','https://elllo.org/english/1351/T1370-Meg-02-Medic.htm','Being a medic in the military.',NULL,6,true);
INSERT INTO RESOURCE(id_resource, resource, url, description, comments, id_level, active) VALUES(214,'1369 Women in Uniform.','https://elllo.org/english/1351/T1369-Meg-01-Military.htm','Being a woman in the military.',NULL,6,true);
INSERT INTO RESOURCE(id_resource, resource, url, description, comments, id_level, active) VALUES(215,'1348 Single''s Day.','https://elllo.org/english/1301/T1348-Rory-Holidays.htm','Why we celebrate some holidays?',NULL,6,true);
INSERT INTO RESOURCE(id_resource, resource, url, description, comments, id_level, active) VALUES(216,'1342 Dialed In vs Unplugged.','https://elllo.org/english/1301/T1342-paul-unplugged.htm','Aimee talks about digital habits.',NULL,6,true);
INSERT INTO RESOURCE(id_resource, resource, url, description, comments, id_level, active) VALUES(217,'1341 E-Mail Overload.','https://elllo.org/english/1301/T1341-amy-email-habits.htm','Paul talks about keeping up with e-mail.',NULL,6,true);
INSERT INTO RESOURCE(id_resource, resource, url, description, comments, id_level, active) VALUES(218,'1340 Life Without Cars.','https://elllo.org/english/1301/T1340-Jeremy-Car.htm','Jeremy compares life without cars.',NULL,6,true);
INSERT INTO RESOURCE(id_resource, resource, url, description, comments, id_level, active) VALUES(219,'1322 The Recovery.','https://elllo.org/english/1301/T1322-paul-accident.htm','An accident that ruined a special day.',NULL,6,true);
INSERT INTO RESOURCE(id_resource, resource, url, description, comments, id_level, active) VALUES(220,'1321 Car Smash Ups.','https://elllo.org/english/1301/T1321-amy-accident.htm','Traffic accidents.',NULL,6,true);
INSERT INTO RESOURCE(id_resource, resource, url, description, comments, id_level, active) VALUES(221,'1320 Being Different.','https://elllo.org/english/1301/T1320-Abidemi-Differences.htm','Thinking differently from others.',NULL,6,true);
INSERT INTO RESOURCE(id_resource, resource, url, description, comments, id_level, active) VALUES(222,'1319 Memories of Canada.','https://elllo.org/english/1301/T1319-Abidemi-Canada.htm','First memories of Canada.',NULL,6,true);
INSERT INTO RESOURCE(id_resource, resource, url, description, comments, id_level, active) VALUES(223,'1522 Bitcoin Part 2','https://elllo.org/english/1501/1522-Anthony-Bitcoin2.htm','Anthony talks about bitcoin and crypto.',NULL,7,true);
INSERT INTO RESOURCE(id_resource, resource, url, description, comments, id_level, active) VALUES(224,'1521 Bitcoin Part 1','https://elllo.org/english/1501/1521-Anthony-Bitcoin.htm','Anthony talks about bitcoin and its history.',NULL,7,true);
INSERT INTO RESOURCE(id_resource, resource, url, description, comments, id_level, active) VALUES(225,'1498 Breaking Bad Habits!','https://elllo.org/english/1451/1498-Olga-Health-4Habits.htm','How to change one''s life.',NULL,7,true);
INSERT INTO RESOURCE(id_resource, resource, url, description, comments, id_level, active) VALUES(226,'1497 Health Proverbs','https://elllo.org/english/1451/1497-Olga-Health-Idioms.htm','Proverbs about how to stay healthy.',NULL,7,true);
INSERT INTO RESOURCE(id_resource, resource, url, description, comments, id_level, active) VALUES(227,'1492 Head, Heart, Hand','https://elllo.org/english/1451/1492-Olga-Health-4Habits.htm','Olga shares a fun way to learn.',NULL,7,true);
INSERT INTO RESOURCE(id_resource, resource, url, description, comments, id_level, active) VALUES(228,'1397 Introverts and Extroverts','https://elllo.org/english/1351/T1397-AbidemiRory-01-Personality.htm','Are you outgoing?',NULL,7,true);
INSERT INTO RESOURCE(id_resource, resource, url, description, comments, id_level, active) VALUES(229,'1372 His Dream House','https://elllo.org/english/1351/T1372-CurtisSpencer-02-HisHouse.htm','Curtis talks about his dream house.',NULL,7,true);
INSERT INTO RESOURCE(id_resource, resource, url, description, comments, id_level, active) VALUES(230,'1371 Her Dream House','https://elllo.org/english/1351/T1371-SpencerCurtis-01-HerHome.htm','Spencer talks about her dream house.',NULL,7,true);
INSERT INTO RESOURCE(id_resource, resource, url, description, comments, id_level, active) VALUES(231,'1325 Slow Travel','https://elllo.org/english/1301/T1325-Dan-Slowtravel.htm','Travelling vs staying in one place.',NULL,7,true);
INSERT INTO RESOURCE(id_resource, resource, url, description, comments, id_level, active) VALUES(232,'1324 Where to Work in Asia','https://elllo.org/english/1301/T1324-Dan-Location.htm','Places to work in Asia.',NULL,7,true);
INSERT INTO RESOURCE(id_resource, resource, url, description, comments, id_level, active) VALUES(233,'1323 Business in Bali','https://elllo.org/english/1301/T1323-Dan-SEA.htm','Doing business from Bali.',NULL,7,true);
INSERT INTO RESOURCE(id_resource, resource, url, description, comments, id_level, active) VALUES(234,'1311 Choosing a Climate','https://elllo.org/english/1301/T1311-amy-climate-choice.htm','Aimee and Paul discuss the best place to live.',NULL,7,true);
INSERT INTO RESOURCE(id_resource, resource, url, description, comments, id_level, active) VALUES(235,'1302 Change of Climate','https://elllo.org/english/1301/T1302-amy-change-climate.htm','The affects on the climate.',NULL,7,true);
INSERT INTO RESOURCE(id_resource, resource, url, description, comments, id_level, active) VALUES(236,'1301 Climate Change','https://elllo.org/english/1301/T1301-amy-climate-change.htm','Recents events with weather.',NULL,7,true);
INSERT INTO RESOURCE(id_resource, resource, url, description, comments, id_level, active) VALUES(237,'1260 Nice Cafe','https://elllo.org/english/1251/1260-Spencer-Curtis-2-GoodCafe.htm','What makes a nice cafe?',NULL,7,true);
INSERT INTO RESOURCE(id_resource, resource, url, description, comments, id_level, active) VALUES(238,'1259 Good Company','https://elllo.org/english/1251/1259-Spencer-Curtis-1-Company.htm','Curtis and Spencer talk about what companies.',NULL,7,true);
INSERT INTO RESOURCE(id_resource, resource, url, description, comments, id_level, active) VALUES(239,'1222 Shipwrecks','https://elllo.org/english/1201/1222-Peter-Ships.htm','Peter talks with Jana about shipwrecks.',NULL,7,true);
INSERT INTO RESOURCE(id_resource, resource, url, description, comments, id_level, active) VALUES(240,'1221 Treasure Hunt','https://elllo.org/english/1201/1221-Peter-Treasure.htm','Hunting for treasure in the sea.',NULL,7,true);
INSERT INTO RESOURCE(id_resource, resource, url, description, comments, id_level, active) VALUES(241,'1172 Road Regulations','https://elllo.org/english/1151/T1172-Nathan-Regulation.html','Nathan talks about road regulations for drivers.',NULL,7,true);
INSERT INTO RESOURCE(id_resource, resource, url, description, comments, id_level, active) VALUES(242,'1171 Road Rage','https://elllo.org/english/1151/T1171-Nathan-Rage.html','Nathan talks about dealing with anger on the road.',NULL,7,true);
INSERT INTO RESOURCE(id_resource, resource, url, description, comments, id_level, active) VALUES(243,'1170 Cambodia Road Trip Part 4','https://elllo.org/english/1151/T1170-Julia-Trips4.html','Julia talks about biking across Cambodia.',NULL,7,true);
INSERT INTO RESOURCE(id_resource, resource, url, description, comments, id_level, active) VALUES(244,'1169 Cambodia Road Trip Part 3','https://elllo.org/english/1151/T1169-Julia-Trips3.html','Julia talks about biking across Cambodia.',NULL,7,true);
INSERT INTO RESOURCE(id_resource, resource, url, description, comments, id_level, active) VALUES(245,'1168 Cambodia Road Trip Part 2','https://elllo.org/english/1151/T1168-Julia-Trips2.html','Julia talks about biking across Cambodia.',NULL,7,true);
INSERT INTO RESOURCE(id_resource, resource, url, description, comments, id_level, active) VALUES(246,'1167 Cambodia Road Trip Part 1','https://elllo.org/english/1151/T1167-Julia-Trips1.html','Julia talks about biking across Cambodia.',NULL,7,true);
INSERT INTO RESOURCE(id_resource, resource, url, description, comments, id_level, active) VALUES(247,'1094 Welfare','https://elllo.org/english/1051/1094-Todd-Welfare.htm','Todd talks about welfare in the U.S.',NULL,7,true);
INSERT INTO RESOURCE(id_resource, resource, url, description, comments, id_level, active) VALUES(248,'1093 The Dole','https://elllo.org/english/1051/1093-Rachel-TheDole.htm','Rachel talks with Todd about ''the dole'' in the U.K.',NULL,7,true);
INSERT INTO RESOURCE(id_resource, resource, url, description, comments, id_level, active) VALUES(249,'1054 Pest Protection','https://elllo.org/english/1051/1054-Ray-CustomPest.htm','Shirley talks about being a custom official.',NULL,7,true);
INSERT INTO RESOURCE(id_resource, resource, url, description, comments, id_level, active) VALUES(250,'1053 Banned by Customs','https://elllo.org/english/1051/1053-Ray-CustomBan.htm','Shirley talks about working with Customs.',NULL,7,true);
INSERT INTO RESOURCE(id_resource, resource, url, description, comments, id_level, active) VALUES(251,'1491 Health Coach','https://elllo.org/english/1451/1491-Olga-Health-3-things.htm','Olga shares tips for living a good life!',NULL,7,true);
INSERT INTO RESOURCE(id_resource, resource, url, description, comments, id_level, active) VALUES(252,'1312 Skin Sea and Sun','https://elllo.org/english/1301/T1312-amy-skin-sea-sun.htm','Paul and Amy discuss sunshine and warm and cold climates.',NULL,7,true);
INSERT INTO RESOURCE(id_resource, resource, url, description, comments, id_level, active) VALUES(253,'1300 Shopping for Clothes','https://elllo.org/english/1251/1300-Spencer-Curtis-Clothing-Quirks.htm','Curtis and Spencer talk about the clothes.',NULL,7,true);
INSERT INTO RESOURCE(id_resource, resource, url, description, comments, id_level, active) VALUES(254,'1299 Fashion Sense','https://elllo.org/english/1251/1299-Spencer-Curtis-ComfortClothing.htm','Curtis talks with Spencer about her sense of style.',NULL,7,true);
INSERT INTO RESOURCE(id_resource, resource, url, description, comments, id_level, active) VALUES(255,'986 Touchy Topics','https://elllo.org/english/0951/T986-Greg-Topics.htm','Greg asks Todd why elllo has so few controversial topics.',NULL,7,true);
INSERT INTO RESOURCE(id_resource, resource, url, description, comments, id_level, active) VALUES(256,'985 Organ Donation','https://elllo.org/english/0951/T985-Greg-Organs.htm','Greg discuss the dilemma yet vital topic of organ donation.',NULL,7,true);
INSERT INTO RESOURCE(id_resource, resource, url, description, comments, id_level, active) VALUES(257,'984 Salary Caps','https://elllo.org/english/0951/T984-Greg-Salaries.htm','Greg and Todd debate limits to salaries.',NULL,7,true);
INSERT INTO RESOURCE(id_resource, resource, url, description, comments, id_level, active) VALUES(258,'983 Minimum Wage','https://elllo.org/english/0951/T983-Greg-Wages.htm','Greg and Todd debate minimum wages.',NULL,7,true);
INSERT INTO RESOURCE(id_resource, resource, url, description, comments, id_level, active) VALUES(259,'A good night''s sleep','https://learnenglishteens.britishcouncil.org/skills/listening/beginner-a1-listening/good-nights-sleep','',NULL,1,true);
INSERT INTO RESOURCE(id_resource, resource, url, description, comments, id_level, active) VALUES(260,'At the library - giving personal information','https://learnenglishteens.britishcouncil.org/skills/listening/beginner-a1-listening/library-giving-personal-information','',NULL,1,true);
INSERT INTO RESOURCE(id_resource, resource, url, description, comments, id_level, active) VALUES(261,'Band auditions','https://learnenglishteens.britishcouncil.org/skills/listening/beginner-a1-listening/band-auditions','',NULL,1,true);
INSERT INTO RESOURCE(id_resource, resource, url, description, comments, id_level, active) VALUES(262,'Describing people','https://learnenglishteens.britishcouncil.org/skills/listening/beginner-a1-listening/describing-people','',NULL,1,true);
INSERT INTO RESOURCE(id_resource, resource, url, description, comments, id_level, active) VALUES(263,'First day at school','https://learnenglishteens.britishcouncil.org/skills/listening/beginner-a1-listening/first-day-school','',NULL,1,true);
INSERT INTO RESOURCE(id_resource, resource, url, description, comments, id_level, active) VALUES(264,'Getting an ID card','https://learnenglishteens.britishcouncil.org/skills/listening/beginner-a1-listening/getting-id-card','',NULL,1,true);
INSERT INTO RESOURCE(id_resource, resource, url, description, comments, id_level, active) VALUES(265,'Interview with a swimmer','https://learnenglishteens.britishcouncil.org/skills/listening/beginner-a1-listening/interview-swimmer','',NULL,1,true);
INSERT INTO RESOURCE(id_resource, resource, url, description, comments, id_level, active) VALUES(266,'Introducing a friend','https://learnenglishteens.britishcouncil.org/skills/listening/beginner-a1-listening/introducing-friend','',NULL,1,true);
INSERT INTO RESOURCE(id_resource, resource, url, description, comments, id_level, active) VALUES(267,'Inviting someone to the cinema','https://learnenglishteens.britishcouncil.org/skills/listening/beginner-a1-listening/inviting-someone-cinema','',NULL,1,true);
INSERT INTO RESOURCE(id_resource, resource, url, description, comments, id_level, active) VALUES(268,'Online safety conversation','https://learnenglishteens.britishcouncil.org/skills/listening/beginner-a1-listening/online-safety-conversation','',NULL,1,true);
INSERT INTO RESOURCE(id_resource, resource, url, description, comments, id_level, active) VALUES(269,'Ordering food in a café','https://learnenglishteens.britishcouncil.org/skills/listening/beginner-a1-listening/ordering-food-cafe','',NULL,1,true);
INSERT INTO RESOURCE(id_resource, resource, url, description, comments, id_level, active) VALUES(270,'Spelling colours','Listen to the spelling of the colours and do the exercises. If you don''t know the colours in English, do this vocabulary exercise first.','',NULL,1,true);
INSERT INTO RESOURCE(id_resource, resource, url, description, comments, id_level, active) VALUES(271,'Spelling names','https://learnenglishteens.britishcouncil.org/skills/listening/beginner-a1-listening/spelling-names','',NULL,1,true);
INSERT INTO RESOURCE(id_resource, resource, url, description, comments, id_level, active) VALUES(272,'Study tips','https://learnenglishteens.britishcouncil.org/skills/listening/beginner-a1-listening/study-tips','',NULL,1,true);
INSERT INTO RESOURCE(id_resource, resource, url, description, comments, id_level, active) VALUES(273,'Understanding numbers','https://learnenglishteens.britishcouncil.org/skills/listening/beginner-a1-listening/understanding-numbers','',NULL,1,true);


INSERT INTO VIDEO VALUES(1,1,true,true,true,false);
INSERT INTO VIDEO VALUES(2,2,true,true,true,false);
INSERT INTO VIDEO VALUES(3,3,true,true,true,false);
INSERT INTO VIDEO VALUES(4,4,true,true,true,false);
INSERT INTO VIDEO VALUES(5,5,true,true,true,false);
INSERT INTO VIDEO VALUES(6,6,true,true,true,false);
INSERT INTO VIDEO VALUES(7,11,true,true,true,false);
INSERT INTO VIDEO VALUES(8,12,true,true,true,false);
INSERT INTO VIDEO VALUES(9,13,true,true,true,false);
INSERT INTO VIDEO VALUES(10,14,true,true,true,false);
INSERT INTO VIDEO VALUES(11,15,true,true,true,false);
INSERT INTO VIDEO VALUES(12,29,true,true,true,false);
INSERT INTO VIDEO VALUES(13,30,true,true,true,false);
INSERT INTO VIDEO VALUES(14,36,true,true,true,false);
INSERT INTO VIDEO VALUES(15,45,true,true,true,false);
INSERT INTO VIDEO VALUES(16,49,true,false,true,true);
INSERT INTO VIDEO VALUES(17,50,true,false,true,true);
INSERT INTO VIDEO VALUES(18,51,true,false,true,true);
INSERT INTO VIDEO VALUES(19,52,true,false,true,true);
INSERT INTO VIDEO VALUES(20,53,true,false,true,true);
INSERT INTO VIDEO VALUES(21,54,true,false,true,true);
INSERT INTO VIDEO VALUES(22,55,true,false,true,true);
INSERT INTO VIDEO VALUES(23,56,true,false,true,true);
INSERT INTO VIDEO VALUES(24,57,true,false,true,true);
INSERT INTO VIDEO VALUES(25,58,true,false,true,true);
INSERT INTO VIDEO VALUES(26,59,true,false,true,true);
INSERT INTO VIDEO VALUES(27,60,true,false,true,true);
INSERT INTO VIDEO VALUES(28,61,true,false,true,true);
INSERT INTO VIDEO VALUES(29,62,true,false,true,true);
INSERT INTO VIDEO VALUES(30,63,true,false,true,true);
INSERT INTO VIDEO VALUES(31,64,true,false,true,true);
INSERT INTO VIDEO VALUES(32,65,true,false,true,true);
INSERT INTO VIDEO VALUES(33,66,true,false,true,true);
INSERT INTO VIDEO VALUES(34,67,true,false,true,true);
INSERT INTO VIDEO VALUES(35,68,true,false,true,true);
INSERT INTO VIDEO VALUES(36,69,true,false,true,true);
INSERT INTO VIDEO VALUES(37,70,true,false,true,true);
INSERT INTO VIDEO VALUES(38,71,true,false,true,true);
INSERT INTO VIDEO VALUES(39,72,true,false,true,true);
INSERT INTO VIDEO VALUES(40,73,true,false,true,true);
INSERT INTO VIDEO VALUES(41,74,true,false,true,true);
INSERT INTO VIDEO VALUES(42,75,true,false,true,true);
INSERT INTO VIDEO VALUES(43,76,true,false,true,true);
INSERT INTO VIDEO VALUES(44,77,true,false,true,true);
INSERT INTO VIDEO VALUES(45,78,true,false,true,true);
INSERT INTO VIDEO VALUES(46,79,true,false,true,true);
INSERT INTO VIDEO VALUES(47,80,true,false,true,true);
INSERT INTO VIDEO VALUES(48,81,true,false,true,true);
INSERT INTO VIDEO VALUES(49,92,true,false,true,true);
INSERT INTO VIDEO VALUES(50,93,true,false,true,true);
INSERT INTO VIDEO VALUES(51,94,true,false,true,true);
INSERT INTO VIDEO VALUES(52,95,true,false,true,true);
INSERT INTO VIDEO VALUES(53,96,true,false,true,true);
INSERT INTO VIDEO VALUES(54,97,true,false,true,true);
INSERT INTO VIDEO VALUES(55,98,true,false,true,true);
INSERT INTO VIDEO VALUES(56,99,true,false,true,true);
INSERT INTO VIDEO VALUES(57,100,true,false,true,true);
INSERT INTO VIDEO VALUES(58,101,true,false,true,true);
INSERT INTO VIDEO VALUES(59,102,true,false,true,true);
INSERT INTO VIDEO VALUES(60,103,true,false,true,true);
INSERT INTO VIDEO VALUES(61,104,true,false,true,true);
INSERT INTO VIDEO VALUES(62,105,true,false,true,true);
INSERT INTO VIDEO VALUES(63,106,true,false,true,true);
INSERT INTO VIDEO VALUES(64,107,true,false,true,true);
INSERT INTO VIDEO VALUES(65,108,true,false,true,true);
INSERT INTO VIDEO VALUES(66,109,true,false,true,true);
INSERT INTO VIDEO VALUES(67,110,true,false,true,true);
INSERT INTO VIDEO VALUES(68,111,true,false,true,true);
INSERT INTO VIDEO VALUES(69,112,true,false,true,true);
INSERT INTO VIDEO VALUES(70,113,true,false,true,true);
INSERT INTO VIDEO VALUES(71,114,true,false,true,true);
INSERT INTO VIDEO VALUES(72,115,true,false,true,true);
INSERT INTO VIDEO VALUES(73,116,true,false,true,true);
INSERT INTO VIDEO VALUES(74,117,true,false,true,true);
INSERT INTO VIDEO VALUES(75,118,true,false,true,true);
INSERT INTO VIDEO VALUES(76,119,true,false,true,true);
INSERT INTO VIDEO VALUES(77,120,true,false,true,true);
INSERT INTO VIDEO VALUES(78,259,true,false,true,true);
INSERT INTO VIDEO VALUES(79,132,true,true,true,false);
INSERT INTO VIDEO VALUES(80,133,true,true,true,false);
INSERT INTO VIDEO VALUES(81,134,true,true,true,false);
INSERT INTO VIDEO VALUES(82,135,true,true,true,false);
INSERT INTO VIDEO VALUES(83,136,true,true,true,false);
INSERT INTO VIDEO VALUES(84,137,true,false,true,true);
INSERT INTO VIDEO VALUES(85,138,true,false,true,true);
INSERT INTO VIDEO VALUES(86,139,true,false,true,true);
INSERT INTO VIDEO VALUES(87,140,true,false,true,true);
INSERT INTO VIDEO VALUES(88,141,true,false,true,true);
INSERT INTO VIDEO VALUES(89,142,true,false,true,true);
INSERT INTO VIDEO VALUES(90,143,true,false,true,true);
INSERT INTO VIDEO VALUES(91,144,true,false,true,true);
INSERT INTO VIDEO VALUES(92,145,true,false,true,true);
INSERT INTO VIDEO VALUES(93,146,true,false,true,true);
INSERT INTO VIDEO VALUES(94,147,true,false,true,true);
INSERT INTO VIDEO VALUES(95,148,true,false,true,true);
INSERT INTO VIDEO VALUES(96,149,true,false,true,true);
INSERT INTO VIDEO VALUES(97,150,true,false,true,true);
INSERT INTO VIDEO VALUES(98,151,true,false,true,true);
INSERT INTO VIDEO VALUES(99,152,true,false,true,true);
INSERT INTO VIDEO VALUES(100,153,true,false,true,true);
INSERT INTO VIDEO VALUES(101,154,true,false,true,true);
INSERT INTO VIDEO VALUES(102,155,true,false,true,true);
INSERT INTO VIDEO VALUES(103,156,true,false,true,true);
INSERT INTO VIDEO VALUES(104,157,true,false,true,true);
INSERT INTO VIDEO VALUES(105,158,true,false,true,true);
INSERT INTO VIDEO VALUES(106,159,true,false,true,true);
INSERT INTO VIDEO VALUES(107,160,true,false,true,true);
INSERT INTO VIDEO VALUES(108,161,true,false,true,true);
INSERT INTO VIDEO VALUES(109,162,true,false,true,true);
INSERT INTO VIDEO VALUES(110,163,true,false,true,true);
INSERT INTO VIDEO VALUES(111,164,true,false,true,true);
INSERT INTO VIDEO VALUES(112,165,true,false,true,true);
INSERT INTO VIDEO VALUES(113,166,true,false,true,true);
INSERT INTO VIDEO VALUES(114,167,true,false,true,true);
INSERT INTO VIDEO VALUES(115,168,true,false,true,true);
INSERT INTO VIDEO VALUES(116,169,true,false,true,true);
INSERT INTO VIDEO VALUES(117,170,true,false,true,true);
INSERT INTO VIDEO VALUES(118,181,true,false,true,true);
INSERT INTO VIDEO VALUES(119,182,true,false,true,true);
INSERT INTO VIDEO VALUES(120,183,true,false,true,true);
INSERT INTO VIDEO VALUES(121,184,true,false,true,true);
INSERT INTO VIDEO VALUES(122,185,true,false,true,true);
INSERT INTO VIDEO VALUES(123,186,true,false,true,true);
INSERT INTO VIDEO VALUES(124,187,true,false,true,true);
INSERT INTO VIDEO VALUES(125,188,true,false,true,true);
INSERT INTO VIDEO VALUES(126,189,true,false,true,true);
INSERT INTO VIDEO VALUES(127,190,true,false,true,true);
INSERT INTO VIDEO VALUES(128,191,true,false,true,true);
INSERT INTO VIDEO VALUES(129,192,true,false,true,true);
INSERT INTO VIDEO VALUES(130,193,true,false,true,true);
INSERT INTO VIDEO VALUES(131,194,true,false,true,true);
INSERT INTO VIDEO VALUES(132,195,true,false,true,true);
INSERT INTO VIDEO VALUES(133,196,true,false,true,true);
INSERT INTO VIDEO VALUES(134,197,true,false,true,true);
INSERT INTO VIDEO VALUES(135,198,true,false,true,true);
INSERT INTO VIDEO VALUES(136,199,true,false,true,true);
INSERT INTO VIDEO VALUES(137,200,true,false,true,true);
INSERT INTO VIDEO VALUES(138,201,true,false,true,true);
INSERT INTO VIDEO VALUES(139,202,true,false,true,true);
INSERT INTO VIDEO VALUES(140,203,true,false,true,true);
INSERT INTO VIDEO VALUES(141,204,true,false,true,true);
INSERT INTO VIDEO VALUES(142,205,true,false,true,true);
INSERT INTO VIDEO VALUES(143,206,true,false,true,true);
INSERT INTO VIDEO VALUES(144,207,true,false,true,true);
INSERT INTO VIDEO VALUES(145,208,true,false,true,true);
INSERT INTO VIDEO VALUES(146,209,true,false,true,true);
INSERT INTO VIDEO VALUES(147,210,true,false,true,true);
INSERT INTO VIDEO VALUES(148,211,true,false,true,true);
INSERT INTO VIDEO VALUES(149,223,true,false,true,true);
INSERT INTO VIDEO VALUES(150,224,true,false,true,true);
INSERT INTO VIDEO VALUES(151,225,true,false,true,true);
INSERT INTO VIDEO VALUES(152,226,true,false,true,true);
INSERT INTO VIDEO VALUES(153,227,true,false,true,true);
INSERT INTO VIDEO VALUES(154,228,true,false,true,true);
INSERT INTO VIDEO VALUES(155,229,true,false,true,true);
INSERT INTO VIDEO VALUES(156,230,true,false,true,true);
INSERT INTO VIDEO VALUES(157,231,true,false,true,true);
INSERT INTO VIDEO VALUES(158,232,true,false,true,true);
INSERT INTO VIDEO VALUES(159,233,true,false,true,true);
INSERT INTO VIDEO VALUES(160,234,true,false,true,true);
INSERT INTO VIDEO VALUES(161,235,true,false,true,true);
INSERT INTO VIDEO VALUES(162,236,true,false,true,true);
INSERT INTO VIDEO VALUES(163,237,true,false,true,true);
INSERT INTO VIDEO VALUES(164,238,true,false,true,true);
INSERT INTO VIDEO VALUES(165,239,true,false,true,true);
INSERT INTO VIDEO VALUES(166,240,true,false,true,true);
INSERT INTO VIDEO VALUES(167,241,true,false,true,true);
INSERT INTO VIDEO VALUES(168,242,true,false,true,true);
INSERT INTO VIDEO VALUES(169,243,true,false,true,true);
INSERT INTO VIDEO VALUES(170,244,true,false,true,true);
INSERT INTO VIDEO VALUES(171,245,true,false,true,true);
INSERT INTO VIDEO VALUES(172,246,true,false,true,true);
INSERT INTO VIDEO VALUES(173,247,true,false,true,true);
INSERT INTO VIDEO VALUES(174,248,true,false,true,true);
INSERT INTO VIDEO VALUES(175,249,true,false,true,true);
INSERT INTO VIDEO VALUES(176,250,true,false,true,true);


INSERT INTO LISTENNING VALUES(1,7,true,true,true,false);
INSERT INTO LISTENNING VALUES(2,8,true,true,true,false);
INSERT INTO LISTENNING VALUES(3,9,true,true,true,false);
INSERT INTO LISTENNING VALUES(4,10,true,true,true,false);
INSERT INTO LISTENNING VALUES(5,16,true,true,true,false);
INSERT INTO LISTENNING VALUES(6,17,true,true,true,false);
INSERT INTO LISTENNING VALUES(7,18,true,true,true,false);
INSERT INTO LISTENNING VALUES(8,19,true,true,true,false);
INSERT INTO LISTENNING VALUES(9,20,true,true,true,false);
INSERT INTO LISTENNING VALUES(10,21,true,true,true,false);
INSERT INTO LISTENNING VALUES(11,22,true,true,true,false);
INSERT INTO LISTENNING VALUES(12,23,true,true,true,false);
INSERT INTO LISTENNING VALUES(13,24,true,true,true,false);
INSERT INTO LISTENNING VALUES(14,25,true,true,true,false);
INSERT INTO LISTENNING VALUES(15,26,true,true,true,false);
INSERT INTO LISTENNING VALUES(16,27,true,true,true,false);
INSERT INTO LISTENNING VALUES(17,28,true,true,true,false);
INSERT INTO LISTENNING VALUES(18,31,true,true,true,false);
INSERT INTO LISTENNING VALUES(19,32,true,true,true,false);
INSERT INTO LISTENNING VALUES(20,33,true,true,true,false);
INSERT INTO LISTENNING VALUES(21,34,true,true,true,false);
INSERT INTO LISTENNING VALUES(22,35,true,true,true,false);
INSERT INTO LISTENNING VALUES(23,37,true,true,true,false);
INSERT INTO LISTENNING VALUES(24,38,true,true,true,false);
INSERT INTO LISTENNING VALUES(25,39,true,true,true,false);
INSERT INTO LISTENNING VALUES(26,40,true,true,true,false);
INSERT INTO LISTENNING VALUES(27,41,true,true,true,false);
INSERT INTO LISTENNING VALUES(28,42,true,true,true,false);
INSERT INTO LISTENNING VALUES(29,43,true,true,true,false);
INSERT INTO LISTENNING VALUES(30,44,true,true,true,false);
INSERT INTO LISTENNING VALUES(31,46,true,false,true,true);
INSERT INTO LISTENNING VALUES(32,47,true,false,true,true);
INSERT INTO LISTENNING VALUES(33,48,true,false,true,true);
INSERT INTO LISTENNING VALUES(34,82,true,true,true,false);
INSERT INTO LISTENNING VALUES(35,83,true,true,true,false);
INSERT INTO LISTENNING VALUES(36,84,true,true,true,false);
INSERT INTO LISTENNING VALUES(37,85,true,true,true,false);
INSERT INTO LISTENNING VALUES(38,86,true,true,true,false);
INSERT INTO LISTENNING VALUES(39,87,true,true,true,false);
INSERT INTO LISTENNING VALUES(40,88,true,true,true,false);
INSERT INTO LISTENNING VALUES(41,89,true,true,true,false);
INSERT INTO LISTENNING VALUES(42,90,true,true,true,false);
INSERT INTO LISTENNING VALUES(43,91,true,true,true,false);
INSERT INTO LISTENNING VALUES(44,121,true,false,true,true);
INSERT INTO LISTENNING VALUES(45,122,true,false,true,true);
INSERT INTO LISTENNING VALUES(46,123,true,false,true,true);
INSERT INTO LISTENNING VALUES(47,124,true,false,true,true);
INSERT INTO LISTENNING VALUES(48,125,true,false,true,true);
INSERT INTO LISTENNING VALUES(49,126,true,false,true,true);
INSERT INTO LISTENNING VALUES(50,127,true,true,true,false);
INSERT INTO LISTENNING VALUES(51,128,true,true,true,false);
INSERT INTO LISTENNING VALUES(52,129,true,true,true,false);
INSERT INTO LISTENNING VALUES(53,130,true,true,true,false);
INSERT INTO LISTENNING VALUES(54,171,true,false,true,true);
INSERT INTO LISTENNING VALUES(55,172,true,false,true,true);
INSERT INTO LISTENNING VALUES(56,173,true,false,true,true);
INSERT INTO LISTENNING VALUES(57,174,true,false,true,true);
INSERT INTO LISTENNING VALUES(58,175,true,false,true,true);
INSERT INTO LISTENNING VALUES(59,176,true,false,true,true);
INSERT INTO LISTENNING VALUES(60,177,true,false,true,true);
INSERT INTO LISTENNING VALUES(61,178,true,false,true,true);
INSERT INTO LISTENNING VALUES(62,179,true,false,true,true);
INSERT INTO LISTENNING VALUES(63,180,true,false,true,true);
INSERT INTO LISTENNING VALUES(64,212,true,false,true,true);
INSERT INTO LISTENNING VALUES(65,213,true,false,true,true);
INSERT INTO LISTENNING VALUES(66,214,true,false,true,true);
INSERT INTO LISTENNING VALUES(67,215,true,false,true,true);
INSERT INTO LISTENNING VALUES(68,216,true,false,true,true);
INSERT INTO LISTENNING VALUES(69,217,true,false,true,true);
INSERT INTO LISTENNING VALUES(70,218,true,false,true,true);
INSERT INTO LISTENNING VALUES(71,219,true,false,true,true);
INSERT INTO LISTENNING VALUES(72,220,true,false,true,true);
INSERT INTO LISTENNING VALUES(73,221,true,false,true,true);
INSERT INTO LISTENNING VALUES(74,222,true,false,true,true);
INSERT INTO LISTENNING VALUES(75,251,true,false,true,true);
INSERT INTO LISTENNING VALUES(76,252,true,false,true,true);
INSERT INTO LISTENNING VALUES(77,253,true,false,true,true);
INSERT INTO LISTENNING VALUES(78,254,true,false,true,true);
INSERT INTO LISTENNING VALUES(79,255,true,false,true,true);
INSERT INTO LISTENNING VALUES(80,256,true,false,true,true);
INSERT INTO LISTENNING VALUES(81,257,true,false,true,true);
INSERT INTO LISTENNING VALUES(82,258,true,false,true,true);
INSERT INTO LISTENNING VALUES(83,259,true,false,true,true);
INSERT INTO LISTENNING VALUES(84,260,true,false,true,true);
INSERT INTO LISTENNING VALUES(85,261,true,false,true,true);
INSERT INTO LISTENNING VALUES(86,262,true,false,true,true);
INSERT INTO LISTENNING VALUES(87,263,true,false,true,true);
INSERT INTO LISTENNING VALUES(88,264,true,false,true,true);
INSERT INTO LISTENNING VALUES(89,265,true,false,true,true);
INSERT INTO LISTENNING VALUES(90,266,true,false,true,true);
INSERT INTO LISTENNING VALUES(91,267,true,false,true,true);
INSERT INTO LISTENNING VALUES(92,268,true,false,true,true);
INSERT INTO LISTENNING VALUES(93,269,true,false,true,true);
INSERT INTO LISTENNING VALUES(94,270,true,false,true,true);
INSERT INTO LISTENNING VALUES(95,271,true,false,true,true);
INSERT INTO LISTENNING VALUES(96,272,true,false,true,true);
INSERT INTO LISTENNING VALUES(97,273,true,false,true,true);


